episode,score,epsilon
1,-268.58316302631573,0.8433051360508336
2,-267.2063915416076,0.6563549768288433
3,-272.3123375628931,0.510849320360386
4,-332.859928872986,0.3976004408064698
5,-278.31300999296707,0.30945741577570285
